<?xml version="1.0" encoding="UTF-8"?>
<!--
  ~ Copyright (c) 2008-2021, Hazelcast, Inc. All Rights Reserved.
  ~
  ~ Licensed under the Apache License, Version 2.0 (the "License");
  ~ you may not use this file except in compliance with the License.
  ~ You may obtain a copy of the License at
  ~
  ~ http://www.apache.org/licenses/LICENSE-2.0
  ~
  ~ Unless required by applicable law or agreed to in writing, software
  ~ distributed under the License is distributed on an "AS IS" BASIS,
  ~ WITHOUT WARRANTIES OR CONDITIONS OF ANY KIND, either express or implied.
  ~ See the License for the specific language governing permissions and
  ~ limitations under the License.
  -->



<!--suppress XmlDefaultAttributeValue -->
<hazelcast xmlns="http://www.hazelcast.com/schema/config"
           xmlns:xsi="http://www.w3.org/2001/XMLSchema-instance"
           xsi:schemaLocation="http://www.hazelcast.com/schema/config
           http://www.hazelcast.com/schema/config/hazelcast-config-5.0.xsd">


    <cluster-name>dev</cluster-name>

    <properties>
        <!--
            ZIP and TAR distributions binds only to loopback network interface (127.0.0.1),
            Docker image listens on all interfaces (wildcard address).
         -->
        <property name="hazelcast.socket.bind.any">false</property>
    </properties>

    <network>
        
        <port auto-increment="true" port-count="100">5701</port>
        
        <interfaces enabled="false">
            <interface>127.0.0.1</interface>
        </interfaces>
        <outbound-ports>        
            <ports>0</ports>
        </outbound-ports>

        
        <join>
        
            <auto-detection enabled="false"/>
            <!-- Enables/disables the multicast discovery mechanism. The default value is disabled. -->
            <multicast enabled="false">                
                <multicast-group>224.2.2.3</multicast-group>
   
                <multicast-port>54327</multicast-port>
            </multicast>

            <!-- Specifies whether the TCP/IP discovery is enabled or not. Default value is false. -->
            <tcp-ip enabled="false">
                <member-list>
                    <member>127.0.0.1</member>
                </member-list>
            </tcp-ip>

            <aws enabled="true">
                <tag-key>rahul-nexmark-tf</tag-key>
                <tag-value>rahul-nexmark-tf</tag-value>
                <iam-role>rahul_sydney_iam_nexmark</iam-role>
            </aws>

        </join>
    </network>

    <map name="default">
        <in-memory-format>BINARY</in-memory-format>
        <metadata-policy>CREATE_ON_UPDATE</metadata-policy>
        <backup-count>1</backup-count>
        <async-backup-count>0</async-backup-count>
        <time-to-live-seconds>0</time-to-live-seconds>
        <max-idle-seconds>0</max-idle-seconds>
        <eviction eviction-policy="NONE" max-size-policy="PER_NODE" size="0"/>
        <merge-policy batch-size="100">com.hazelcast.spi.merge.PutIfAbsentMergePolicy</merge-policy>
        <cache-deserialized-values>INDEX-ONLY</cache-deserialized-values>
        <statistics-enabled>true</statistics-enabled>
        <per-entry-stats-enabled>false</per-entry-stats-enabled>
    </map>

    <metrics enabled="true">
        <management-center enabled="true">
            <retention-seconds>5</retention-seconds>
        </management-center>
        <jmx enabled="true"/>
        <collection-frequency-seconds>5</collection-frequency-seconds>
    </metrics>


    <jet enabled="true" resource-upload-enabled="true">
        <cooperative-thread-count>14</cooperative-thread-count>

        <flow-control-period>100</flow-control-period>
        <backup-count>1</backup-count>
        <scale-up-delay-millis>10000</scale-up-delay-millis>
       
        <lossless-restart-enabled>false</lossless-restart-enabled>
        
        <max-processor-accumulated-records>9223372036854775807</max-processor-accumulated-records>
        <edge-defaults>
            <!-- capacity of the concurrent SPSC queue between each two processors -->
            <queue-size>1024</queue-size>

            <!-- network packet size limit in bytes, only applies to distributed edges -->
            <packet-size-limit>16384</packet-size-limit>

            <!-- receive window size multiplier, only applies to distributed edges -->
            <receive-window-multiplier>3</receive-window-multiplier>
        </edge-defaults>
    </jet>
</hazelcast>
